id,first_name,last_name,email,country
0,Itch,Elph,ielph0@gravatar.com,Armenia
1,Ursa,Beeckx,ubeeckx1@ameblo.jp,Spain
2,Natalee,Penman,npenman2@mediafire.com,Indonesia
3,Zachary,Madine,zmadine3@sina.com.cn,Philippines
4,Rafaela,MacLleese,rmaclleese4@blinklist.com,Cameroon
5,Shermie,Ivanchikov,sivanchikov5@cnet.com,Sweden
6,Mercedes,Klees,mklees6@va.gov,Malaysia
7,Milissent,Danilovic,mdanilovic7@sbwire.com,Montenegro
8,Jewell,McCullagh,jmccullagh8@netscape.com,Bolivia
9,Randell,Childerley,rchilderley9@list-manage.com,Philippines
10,Olly,Klejin,oklejina@ucoz.com,Indonesia
11,Amble,Rosenstengel,arosenstengelb@gmpg.org,Philippines
12,Tibold,Marchment,tmarchmentc@netvibes.com,Indonesia
13,Dino,Frentz,dfrentzd@umich.edu,Yemen
14,Cariotta,Castiglio,ccastiglioe@illinois.edu,Mali
15,Cly,Wyllis,cwyllisf@globo.com,Bosnia and Herzegovina
16,Langston,Maidlow,lmaidlowg@bloglines.com,Brazil
17,Margi,Hoofe,mhoofeh@tiny.cc,China
18,Heywood,Howard - Gater,hhowardgateri@prlog.org,Sudan
19,Glennis,Andriuzzi,gandriuzzij@vimeo.com,Poland
20,Vincent,Waldocke,vwaldockek@barnesandnoble.com,Indonesia
21,Rana,Trill,rtrilll@reverbnation.com,Brazil
22,Teressa,Torre,ttorrem@privacy.gov.au,France
23,Riobard,Norres,rnorresn@etsy.com,Indonesia
24,Arleta,Addis,aaddiso@gizmodo.com,Vietnam
25,Erinna,Aberdalgy,eaberdalgyp@aboutads.info,Indonesia
26,Jere,Aronow,jaronowq@jalbum.net,Russia
27,Alard,Limbrick,alimbrickr@bbc.co.uk,Uruguay
28,Henrietta,Flindall,hflindalls@reverbnation.com,Jamaica
29,Dylan,Januszewicz,djanuszewiczt@indiegogo.com,China
30,Harlan,Lambot,hlambotu@blogs.com,China
31,Moe,Wayman,mwaymanv@squarespace.com,Philippines
32,Pris,Howsam,phowsamw@blog.com,China
33,Casar,Pannaman,cpannamanx@shareasale.com,China
34,Masha,Fairfoot,mfairfooty@army.mil,Brazil
35,Vivienne,Colclough,vcolcloughz@telegraph.co.uk,Macedonia
36,Aguste,Yersin,ayersin10@cnbc.com,Kazakhstan
37,Chrissy,Whapple,cwhapple11@seattletimes.com,Colombia
38,Filip,Urey,furey12@elpais.com,Brazil
39,Alonzo,MacIntosh,amacintosh13@nps.gov,Chile
40,Tina,Barrowclough,tbarrowclough14@princeton.edu,China
41,Merline,Jobern,mjobern15@tumblr.com,Peru
42,Hazlett,Widdowson,hwiddowson16@indiegogo.com,Serbia
43,Gilburt,Le Moucheux,glemoucheux17@walmart.com,Sweden
44,Wolfy,Crowcroft,wcrowcroft18@gravatar.com,France
45,Debra,Cejka,dcejka19@4shared.com,Mexico
46,Floyd,Davidsohn,fdavidsohn1a@examiner.com,Latvia
47,Rock,Fowden,rfowden1b@github.com,Indonesia
48,Otes,Paramor,oparamor1c@mapquest.com,Indonesia
49,Reilly,Trass,rtrass1d@ft.com,Portugal
50,Caye,Gwyer,cgwyer1e@irs.gov,Benin
51,Hobie,Cecere,hcecere1f@columbia.edu,Japan
52,Gannon,Petrovsky,gpetrovsky1g@geocities.jp,Indonesia
53,Cissy,Seally,cseally1h@kickstarter.com,China
54,Red,Waterstone,rwaterstone1i@engadget.com,Brazil
55,Evania,Dalrymple,edalrymple1j@guardian.co.uk,Laos
56,Charlean,Kidsley,ckidsley1k@engadget.com,China
57,Mavra,Probey,mprobey1l@house.gov,Peru
58,Jethro,Blinman,jblinman1m@addthis.com,Russia
59,Morgen,Triggle,mtriggle1n@edublogs.org,Portugal
60,Aguie,Abbay,aabbay1o@tinypic.com,Portugal
61,Archer,Harkin,aharkin1p@naver.com,France
62,Twyla,Nacey,tnacey1q@accuweather.com,Indonesia
63,Worden,Haslum,whaslum1r@tuttocitta.it,Indonesia
64,Tabby,Mahony,tmahony1s@goo.gl,France
65,Perl,Marland,pmarland1t@cam.ac.uk,Russia
66,Cherrita,Stango,cstango1u@newyorker.com,China
67,Helyn,Paudin,hpaudin1v@elegantthemes.com,Peru
68,Chrissy,Fursey,cfursey1w@discovery.com,Russia
69,Nehemiah,Rotter,nrotter1x@zimbio.com,Philippines
70,Burg,Scotney,bscotney1y@google.com,Sweden
71,Reg,Nekrews,rnekrews1z@com.com,Russia
72,Christin,Genthner,cgenthner20@drupal.org,Argentina
73,Caterina,Carek,ccarek21@shinystat.com,Argentina
74,Clemmy,Benford,cbenford22@ed.gov,Haiti
75,Ediva,Ferrarese,eferrarese23@trellian.com,Brazil
76,Cymbre,Gut,cgut24@blog.com,China
77,Ford,Hevner,fhevner25@jiathis.com,China
78,Ferdy,Boast,fboast26@wufoo.com,Indonesia
79,Maurise,Sotham,msotham27@tmall.com,Greece
80,Jae,Houlaghan,jhoulaghan28@hibu.com,China
81,Kristin,Brundill,kbrundill29@npr.org,Estonia
82,Elene,Rodenburgh,erodenburgh2a@furl.net,Russia
83,Tressa,Livesay,tlivesay2b@purevolume.com,Japan
84,Alexina,Derwin,aderwin2c@gizmodo.com,Philippines
85,Deeanne,Larkin,dlarkin2d@wikispaces.com,Iran
86,Phillipp,Betteney,pbetteney2e@fema.gov,China
87,Griffin,Matejic,gmatejic2f@sohu.com,Mozambique
88,Garvin,Doblin,gdoblin2g@biblegateway.com,China
89,Gunter,Lawry,glawry2h@godaddy.com,Iran
90,Linzy,Darque,ldarque2i@europa.eu,Russia
91,Marlene,Jira,mjira2j@icio.us,Lesotho
92,Dusty,Castilla,dcastilla2k@wunderground.com,Bangladesh
93,Annamarie,Rosenblatt,arosenblatt2l@prlog.org,Croatia
94,Millisent,Ackhurst,mackhurst2m@hatena.ne.jp,Netherlands
95,Pablo,Hewell,phewell2n@washingtonpost.com,Japan
96,Ignatius,Skace,iskace2o@zimbio.com,Russia
97,Janette,Kulvear,jkulvear2p@earthlink.net,Czech Republic
98,Dyanne,Guerreiro,dguerreiro2q@cnn.com,El Salvador
99,Man,Pibworth,mpibworth2r@twitpic.com,Syria
